ONSCode,local_authority_name,year,cars_and_taxis,ONSGeo_x,DATE,EVCOUNT,filter_id_142,VEHCOUNT,filter_id_105,EVshare_32,EVCOUNT_31,filter_id_142_31,VEHCOUNT_31,filter_id_105_31,EVshare_31,EVCOUNT_7,filter_id_142_7,VEHCOUNT_7,filter_id_105_7,EVshare_7,emiles,emilespct,Dem_MWh,CTYCODE_x,CS_count,Highest_kW,TOTALOUTPUTKW,CTYCODE_y,LA_pct,HHI,OSS,CSUtotal,CSUhighest,id,ONSGeo_y,COMP,NEW
E06000006,Halton,2019,605777672.7,   Halton,2022-03-31,198.0,32,58439.0,30,0.33881483256044764,61.0,31,4733.0,29,1.2888231565603212,618.0,7,63172.0,1,0.9782815171278415,6944311.043486972,1.1463464826188816,2194.402289741883,E06000006,36,368.0,568.0,E06000006,0.0,6543.209876543209,0.32,0.14112819407948313,0.2178282995574631,0,Halton,74250.0,0.0
E06000007,Warrington,2019,1453971674.0,   Warrington,2022-03-31,523.0,32,106418.0,30,0.49145821195662387,181.0,31,4215.0,29,4.294187425860024,896.0,7,110633.0,1,0.8098849348747661,15500287.181483645,1.0660652788950857,4898.090749348832,E06000007,85,1691.6,2860.5,E06000007,0.0,2902.4221453287196,0.32,0.06255049448485578,0.10577304887321469,1,Warrington,0.0,94650.0
E06000008,Blackburn with Darwen,2019,428555650.2,   Blackburn with Darwen,2022-03-31,186.0,32,57959.0,30,0.3209165099466864,118.0,31,3845.0,29,3.0689206762028607,322.0,7,61804.0,1,0.5210018769011715,2987491.365157077,0.6971069833667725,944.0472713896363,E06000008,7,186.0,358.0,E06000008,0.0,1836.734693877551,0.32,0.09632889685361459,0.1854072315784625,2,Blackburn with Darwen,0.0,0.0
E06000009,Blackpool,2019,351839575.4,   Blackpool,2022-03-31,130.0,32,54670.0,30,0.23779037863544905,46.0,31,3158.0,29,1.4566181127295756,316.0,7,57828.0,1,0.546448087431694,2352168.1512353877,0.6685342740540915,743.2851357903825,E06000009,11,165.0,266.0,E06000009,0.0,1074.3801652892562,0.32,0.10207506928834176,0.1645573844284782,3,Blackpool,0.0,0.0
E06000010,"Kingston upon Hull, City of",2019,827160827.6,"   Kingston upon Hull, City of",2022-03-31,191.0,32,92307.0,30,0.20691821855330583,118.0,31,4888.0,29,2.414075286415712,305.0,7,97195.0,1,0.31380215031637426,3542762.291492402,0.4283039250990277,1119.512884111599,E06000010,11,331.0,793.0,E06000010,0.0,1900.8264462809916,0.32,0.051570552107727964,0.12355120187742683,4,"Kingston upon Hull, City of",0.0,0.0
E06000011,East Riding of Yorkshire,2019,1853109246.0,   East Riding of Yorkshire,2022-03-31,917.0,32,181126.0,30,0.5062773980543931,203.0,31,7205.0,29,2.8174878556557945,1147.0,7,188331.0,1,0.6090340942277161,16006929.603771444,0.8637876929448682,5058.189754791777,E06000011,30,468.0,1110.0,E06000011,23.333333333333332,933.3333333333334,0.32,0.16646311258519156,0.3948163567725697,5,East Riding of Yorkshire,46874.0,0.0
E06000012,North East Lincolnshire,2019,610022947.7,   North East Lincolnshire,2022-03-31,203.0,32,68735.0,30,0.2953371644722485,76.0,31,3234.0,29,2.350030921459493,372.0,7,71969.0,1,0.5168892161903041,4092898.0638316367,0.6709416554349791,1293.3557881707973,E06000012,19,417.7,799.4,E06000012,0.0,1191.1357340720222,0.32,0.05910166817673974,0.11310958472704272,6,North East Lincolnshire,0.0,0.0
E06000013,North Lincolnshire,2019,857070224.3,   North Lincolnshire,2022-03-31,310.0,32,85684.0,30,0.361794500723589,134.0,31,3533.0,29,3.7928106425134445,436.0,7,89217.0,1,0.4886961005189594,5840800.479442258,0.6814844704484571,1845.6929515037536,E06000013,12,256.0,620.0,E06000013,0.0,833.3333333333334,0.32,0.108746086404699,0.26336942801138036,7,North Lincolnshire,0.0,66870.0
E06000014,York,2019,796700484.7,   York,2022-03-31,426.0,32,81621.0,30,0.5219245047230492,186.0,31,3964.0,29,4.692230070635722,697.0,7,85585.0,1,0.8143950458608402,8691142.613019899,1.090892095577496,2746.401065714288,E06000014,54,1577.0,3307.0,E06000014,31.48148148148148,2379.9725651577505,0.32,0.030337209883717402,0.06361772548221525,8,York,0.0,0.0
E06000015,Derby,2019,956463199.6,   Derby,2022-03-31,422.0,32,105849.0,30,0.3986811401146917,1158.0,31,10531.0,29,10.996106732504035,1181.0,7,116380.0,1,1.0147791716789827,12832945.153045265,1.3417081972847569,4055.2106683623037,E06000015,77,1630.5,2989.0,E06000015,6.4935064935064934,2669.92747512228,0.32,0.04956023738013268,0.09085283626446893,9,Derby,0.0,0.0
E06000016,Leicester,2019,788464086.2,   Leicester,2022-03-31,400.0,32,118268.0,30,0.33821490174857105,917.0,31,34963.0,29,2.6227726453679603,643.0,7,153231.0,1,0.41962788208652296,5024927.0929420935,0.6373057671097884,1587.8769613697016,E06000016,68,647.8,971.8,E06000016,41.1764705882353,1985.2941176470588,0.32,0.05968783479960273,0.08954096612882671,10,Leicester,0.0,95340.0
E06000017,Rutland,2019,337908746.2,   Rutland,2022-03-31,192.0,32,22331.0,30,0.8597913214813488,19.0,31,698.0,29,2.722063037249284,223.0,7,23029.0,1,0.9683442615832212,4694391.644090755,1.3892483390507622,1483.4277595326787,E06000017,15,240.0,363.0,E06000017,13.333333333333334,2088.8888888888887,0.32,0.14928138264665874,0.22578809125307134,11,Rutland,0.0,0.0
E06000018,Nottingham,2019,852586606.9,   Nottingham,2022-03-31,375.0,32,93738.0,30,0.400051206554439,184.0,31,5851.0,29,3.144761579217228,713.0,7,99589.0,1,0.7159425237727058,7913408.40944296,0.9281647571518943,2500.6370573839754,E06000018,213,4714.7,8398.4,E06000018,35.68075117370892,4094.646124005378,0.32,0.010876770863004023,0.01937503391856385,12,Nottingham,117477.41,0.0
E06000019,"Herefordshire, County of",2019,934999727.1,"   Herefordshire, County of",2022-03-31,582.0,32,104940.0,30,0.5546026300743282,114.0,31,4117.0,29,2.769006558173427,942.0,7,109057.0,1,0.8637684880383653,10667829.304271968,1.1409446436267274,3371.034060149942,E06000019,43,911.5,1763.6,E06000019,23.25581395348837,2320.1730665224445,0.32,0.06982467493638359,0.13509906387033033,13,"Herefordshire, County of",0.0,0.0
E06000020,Telford and Wrekin,2019,816424389.8,   Telford and Wrekin,2022-03-31,345.0,32,86677.0,30,0.3980294657175491,95.0,31,5890.0,29,1.6129032258064515,684.0,7,92567.0,1,0.7389242386595655,7649430.934064407,0.9369429710371947,2417.2201751643524,E06000020,14,194.4,358.8,E06000020,0.0,1428.5714285714287,0.32,0.24609888620763806,0.4542195492350851,14,Telford and Wrekin,0.0,0.0
E06000021,Stoke-on-Trent,2019,773624467.0,   Stoke-on-Trent,2022-03-31,288.0,32,104987.0,30,0.2743196776743787,154.0,31,6354.0,29,2.423670129052565,611.0,7,111341.0,1,0.5487646060301237,5386417.935062016,0.6962574433497094,1702.1080674795971,E06000021,38,685.0,1227.0,E06000021,7.894736842105263,1260.387811634349,0.32,0.050674379504664,0.09077001993025215,15,Stoke-on-Trent,0.0,0.0
E06000022,Bath and North East Somerset,2019,628532401.9,   Bath and North East Somerset,2022-03-31,748.0,32,87800.0,30,0.8519362186788155,94.0,31,3004.0,29,3.129161118508655,1172.0,7,90804.0,1,1.290692039998238,10747015.30591139,1.7098585965375974,3396.056836667999,E06000022,56,553.0,1078.0,E06000022,10.714285714285714,484.6938775510204,0.32,0.11508058510747958,0.22433430514622604,16,Bath and North East Somerset,0.0,0.0
E06000023,"Bristol, City of",2019,1218315126.0,"   Bristol, City of",2022-03-31,948.0,32,175448.0,30,0.5403310382563494,243.0,31,7017.0,29,3.463018383924754,1404.0,7,182465.0,1,0.7694626366700463,12719446.28052624,1.0440194009810102,4019.3450246462917,E06000023,139,2499.7,4932.1,E06000023,18.705035971223023,1692.9765540085918,0.32,0.02976934551776627,0.05873720407575911,17,"Bristol, City of",0.0,284000.0
E06000024,North Somerset,2019,1357584912.0,   North Somerset,2022-03-31,788.0,32,117919.0,30,0.6682553278097678,151.0,31,4814.0,29,3.136684669713336,1317.0,7,122733.0,1,1.073061034929481,19089236.909243967,1.406117344153569,6032.198863321094,E06000024,44,1094.0,1958.0,E06000024,2.272727272727273,847.1074380165289,0.32,0.11254049866038113,0.20142074623128542,18,North Somerset,0.0,0.0
E06000025,South Gloucestershire,2019,2086944125.0,   South Gloucestershire,2022-03-31,873.0,32,153402.0,30,0.5690929714084563,6021.0,31,98249.0,29,6.128306649431546,17423.0,7,251651.0,1,6.923477355543987,155526436.07504043,7.4523526630134596,49146.35379971278,E06000025,60,1890.0,4525.0,E06000025,6.666666666666667,2127.777777777778,0.32,0.3967515128007288,0.9498944949329617,19,South Gloucestershire,0.0,0.0
E06000026,Plymouth,2019,789331733.6,   Plymouth,2022-03-31,287.0,32,111412.0,30,0.25760241266649914,48.0,31,4653.0,29,1.0315925209542232,494.0,7,116065.0,1,0.4256235729978891,4364940.2195019,0.5529918580105975,1379.3211093626003,E06000026,99,1288.0,2677.0,E06000026,27.272727272727273,2437.5063769003164,0.32,0.018821874951857446,0.039119688855685085,20,Plymouth,0.0,338600.0
E06000027,Torbay,2019,366969775.4,   Torbay,2022-03-31,252.0,32,65104.0,30,0.3870729909068567,61.0,31,2591.0,29,2.3543033577769203,375.0,7,67695.0,1,0.5539552404165743,2751826.0888736537,0.7498781298471082,869.5770440840746,E06000027,16,327.0,743.0,E06000027,0.0,703.125,0.32,0.042752855280472214,0.097141808787128,21,Torbay,0.0,0.0
E06000030,Swindon,2019,1086682646.0,   Swindon,2022-03-31,491.0,32,107515.0,30,0.45668046319118266,10130.0,31,136770.0,29,7.406595013526358,20222.0,7,244285.0,1,8.278035900689767,97785601.75946186,8.998542685797327,30900.25015598995,E06000030,51,1045.0,1955.0,E06000030,21.568627450980394,2256.8242983467894,0.32,0.5773791618445143,1.0801686712019383,22,Swindon,79636.0,0.0
E06000031,Peterborough,2019,1043944603.0,   Peterborough,2022-03-31,375.0,32,90901.0,30,0.41253671576770334,16238.0,31,90409.0,29,17.96060126757292,7313.0,7,181310.0,1,4.03342341845458,57188944.746938124,5.478158954277205,18071.706540032446,E06000031,33,725.4,1513.5,E06000031,0.0,560.1469237832874,0.32,0.4361768507187506,0.9100546781952428,23,Peterborough,0.0,0.0
E06000032,Luton,2019,472799233.8,   Luton,2022-03-31,408.0,32,83432.0,30,0.4890209991370218,71.0,31,3445.0,29,2.0609579100145137,372.0,7,86877.0,1,0.4281915812010083,3170443.841694188,0.6705687351082564,1001.8602539753633,E06000032,52,714.5,1209.9,E06000032,23.076923076923077,4149.408284023669,0.32,0.03024847908787098,0.05122132239106381,24,Luton,23336.0,0.0
E06000033,Southend-on-Sea,2019,369345542.9,   Southend-on-Sea,2022-03-31,319.0,32,78442.0,30,0.40666989622906097,47.0,31,2528.0,29,1.8591772151898733,488.0,7,80970.0,1,0.6026923551932815,2971185.782676843,0.8044460911448684,938.8947073258825,E06000033,16,314.0,708.0,E06000033,25.0,1640.625,0.32,0.048442829880343756,0.10922778202319548,25,Southend-on-Sea,0.0,0.0
E06000034,Thurrock,2019,852376110.6,   Thurrock,2022-03-31,527.0,32,80631.0,30,0.6535947712418301,62.0,31,3151.0,29,1.9676293240241192,487.0,7,83782.0,1,0.5812704399513022,7676390.474457735,0.9005872383089445,2425.7393899286444,E06000034,22,696.7,1412.4,E06000034,4.545454545454546,1942.1487603305786,0.32,0.0627382360263406,0.12718743298923993,26,Thurrock,0.0,0.0
E06000035,Medway,2019,751318138.6,   Medway,2022-03-31,600.0,32,129869.0,30,0.46200401943496905,111.0,31,4915.0,29,2.2583926754832144,954.0,7,134784.0,1,0.7077991452991453,7049460.499617834,0.9382790242165243,2227.6295178792357,E06000035,38,522.7,911.4,E06000035,0.0,5263.1578947368425,0.32,0.08928526910295008,0.15568125934652516,27,Medway,0.0,85420.0
E06000036,Bracknell Forest,2019,413645269.3,   Bracknell Forest,2022-03-31,446.0,32,67042.0,30,0.6652546165090539,52.0,31,10437.0,29,0.49822745999808377,622.0,7,77479.0,1,0.8027981775706966,4529121.797622092,1.0949289484892681,1431.2024880485812,E06000036,27,458.7,758.4,E06000036,0.0,2784.636488340192,0.32,0.06893640483443064,0.11397726057648179,28,Bracknell Forest,0.0,98620.0
E06000037,West Berkshire,2019,1568199866.0,   West Berkshire,2022-03-31,653.0,32,90106.0,30,0.7247020176236877,288.0,31,3385.0,29,8.508124076809453,1080.0,7,93491.0,1,1.1551914087987079,24207453.13041063,1.5436459124407698,7649.555189209759,E06000037,69,1362.6,3166.0,E06000037,60.869565217391305,4215.500945179584,0.32,0.08826146746637083,0.20507544840637754,29,West Berkshire,60328.04,0.0
E06000038,Reading,2019,290212931.7,   Reading,2022-03-31,312.0,32,63500.0,30,0.4913385826771654,89.0,31,2526.0,29,3.523357086302455,528.0,7,66026.0,1,0.7996849725865568,3051442.2132809954,1.0514494290128131,964.2557393967946,E06000038,39,832.1,1410.8,E06000038,12.820512820512821,716.6337935568705,0.32,0.024967361745511653,0.042331395205585674,30,Reading,58072.28,0.0
E06000039,Slough,2019,434764870.2,   Slough,2022-03-31,365.0,32,61672.0,30,0.591840705668699,13491.0,31,107082.0,29,12.598756093461086,14857.0,7,168754.0,1,8.80393946217571,43950788.148292184,10.109093710371308,13888.449054860332,E06000039,38,895.0,1671.5,E06000039,0.0,2908.5872576177285,0.32,0.30352414283204093,0.5668610108868787,31,Slough,0.0,0.0
E06000040,Windsor and Maidenhead,2019,971127134.1,   Windsor and Maidenhead,2022-03-31,860.0,32,81465.0,30,1.0556680783158412,3282.0,31,40779.0,29,8.048260133892445,12453.0,7,122244.0,1,10.187003043094139,106187338.95630437,10.934442590229379,33555.19911019218,E06000040,34,546.7,1187.4,E06000040,0.0,1228.3737024221455,0.32,1.0323064663038675,2.2421084655006625,32,Windsor and Maidenhead,0.0,89990.0
E06000041,Wokingham,2019,860119760.3,   Wokingham,2022-03-31,935.0,32,98485.0,30,0.9493831547951465,77.0,31,2427.0,29,3.1726411207251752,1349.0,7,100912.0,1,1.336808308228952,15501623.276296277,1.802263358173458,4898.512955309624,E06000041,29,919.7,2045.4,E06000041,0.0,1510.1070154577883,0.32,0.08748465460189987,0.1945646542597869,33,Wokingham,0.0,0.0
E06000042,Milton Keynes,2019,1373316915.0,   Milton Keynes,2022-03-31,887.0,32,130935.0,30,0.6774353686943904,11373.0,31,172606.0,29,6.58899458883237,19721.0,7,303541.0,1,6.496980638529886,98908805.0794644,7.2021835600462545,31255.182405110754,E06000042,317,7792.7,16852.4,E06000042,40.063091482649845,3593.3286230333665,0.32,0.06774950885439132,0.14651427913531181,34,Milton Keynes,0.0,865960.0
E06000043,Brighton and Hove,2019,719652744.7,   Brighton and Hove,2022-03-31,589.0,32,89745.0,30,0.6563039723661486,82.0,31,3905.0,29,2.0998719590268884,919.0,7,93650.0,1,0.9813134009610252,9374389.533229869,1.3026268019220504,2962.3070925006386,E06000043,276,1589.9,2120.8,E06000043,0.0,6952.320940978786,0.32,0.05102420371223126,0.06806222481470536,35,Brighton and Hove,418630.0,144350.0
E06000044,Portsmouth,2019,665354619.7,   Portsmouth,2022-03-31,245.0,32,76155.0,30,0.32171229728842493,3852.0,31,32798.0,29,11.744618574303312,5080.0,7,108953.0,1,4.662560920763999,35284197.67637096,5.303066459849661,11149.806465733225,E06000044,78,537.0,848.5,E06000044,71.7948717948718,5282.708744247206,0.32,0.48002223491827267,0.7584708870170472,36,Portsmouth,60698.0,229860.0
E06000045,Southampton,2019,588199102.4,   Southampton,2022-03-31,282.0,32,94329.0,30,0.29895366218236175,83.0,31,3524.0,29,2.3552780930760497,551.0,7,97853.0,1,0.56308953225757,4217531.769255025,0.7170245163663863,1332.740039084588,E06000045,65,1283.0,1953.0,E06000045,64.61538461538461,4243.786982248521,0.32,0.024928094028567934,0.037945882804203565,37,Southampton,0.0,0.0
E06000046,Isle of Wight,2019,351667808.5,   Isle of Wight,2022-03-31,286.0,32,70028.0,30,0.4084080653452905,44.0,31,2706.0,29,1.6260162601626018,553.0,7,72734.0,1,0.7603046718178569,3383232.495391289,0.9620535100503204,1069.1014685436473,E06000046,19,337.0,707.0,E06000046,0.0,2022.1606648199445,0.32,0.055238946144227516,0.1158870472521331,38,Isle of Wight,0.0,67500.0
E06000047,Durham,2019,2285385021.0,   County Durham,2022-03-31,813.0,32,234546.0,30,0.34662710086720727,166.0,31,10352.0,29,1.6035548686244203,1516.0,7,244898.0,1,0.6190332301611283,18097242.97329774,0.7918684513552582,5718.728779562086,E06000047,207,3007.5,5744.2,E06000047,14.492753623188406,2083.3625055427196,0.32,0.0363676986200388,0.06946079282235308,39,County Durham,0.0,450000.0
E06000049,East Cheshire,2019,2447203162.0,   Cheshire East,2022-03-31,1513.0,32,213818.0,30,0.7076111459278451,857.0,31,10045.0,29,8.531607765057242,2383.0,7,223863.0,1,1.0644903356070454,35559945.63520117,1.4530851458257952,11236.94282072357,E06000049,65,1854.0,4070.0,E06000049,7.6923076923076925,551.4792899408284,0.32,0.10085551093959429,0.22140341398282024,40,Cheshire East,3216.0,14970.0
E06000050,West Cheshire,2019,2163729477.0,   Cheshire West and Chester,2022-03-31,953.0,32,182433.0,30,0.5223835599918875,219.0,31,9072.0,29,2.4140211640211637,1679.0,7,191505.0,1,0.8767395107177358,24617514.211520016,1.1377353071721366,7779.134490840325,E06000050,58,1191.0,2407.7,E06000050,0.0,1248.513674197384,0.32,0.11802520931555135,0.23859722625445257,41,Cheshire West and Chester,86676.0,0.0
E06000051,Shropshire,2019,1644635224.0,   Shropshire,2022-03-31,798.0,32,173081.0,30,0.46105580624100856,206.0,31,7589.0,29,2.714455132428515,1319.0,7,180670.0,1,0.7300603309902032,15847558.2784418,0.9635910776553938,5007.828415987609,E06000051,30,893.0,1949.0,E06000051,3.3333333333333335,2311.111111111111,0.32,0.09386063179080449,0.20485371932841875,42,Shropshire,0.0,89390.0
E06000052,Cornwall excluding Isles of Scilly,2019,2762490889.0,   Cornwall,2022-03-31,1047.0,32,296640.0,30,0.352953074433657,197.0,31,11990.0,29,1.6430358632193494,2282.0,7,308630.0,1,0.7393966885915174,25282300.86268872,0.9151994297378739,7989.207072609636,E06000052,161,4566.0,10377.0,E06000052,1.2422360248447204,1713.28266656379,0.32,0.02812404170132009,0.06391659674432733,43,Cornwall,10396.0,21720.0
E06000054,Wiltshire,2019,3109743572.0,   Wiltshire,2022-03-31,1602.0,32,279374.0,30,0.5734248713194499,5857.0,31,60587.0,29,9.667090299899318,10049.0,7,339961.0,1,2.9559272975429534,107138656.72638085,3.445256955944947,33855.81552553635,E06000054,62,1177.5,2692.0,E06000054,37.096774193548384,1680.54110301769,0.32,0.45941386317024374,1.0503117788996146,44,Wiltshire,0.0,0.0
E06000055,Bedford,2019,722473805.8,   Bedford,2022-03-31,480.0,32,89611.0,30,0.5356485252926538,517.0,31,25890.0,29,1.996910003862495,2209.0,7,115501.0,1,1.912537553787413,15773874.856288256,2.183314430178094,4984.544454587089,E06000055,69,921.0,1458.0,E06000055,44.927536231884055,3232.514177693762,0.32,0.12488601899360703,0.19770229716903262,45,Bedford,96883.0,0.0
E06000056,Central Bedfordshire,2019,1727959586.0,   Central Bedfordshire,2022-03-31,1017.0,32,161116.0,30,0.6312222249807592,391.0,31,6468.0,29,6.045145330859617,1710.0,7,167584.0,1,1.0203838075233913,23374843.7933829,1.352742505251098,7386.450638708997,E06000056,37,960.0,2007.0,E06000056,10.81081081081081,2695.398100803506,0.32,0.1344417941535038,0.28106737590216885,46,Central Bedfordshire,0.0,0.0
E06000057,Northumberland,2019,1636933418.0,   Northumberland,2022-03-31,809.0,32,159637.0,30,0.5067747452031798,102.0,31,6149.0,29,1.6588063099691006,1403.0,7,165786.0,1,0.8462716996610088,17918035.557759885,1.0946099188109975,5662.099236252124,E06000057,217,4139.1,8392.4,E06000057,16.129032258064516,4515.067213149568,0.32,0.024645473916505557,0.04997092974242739,47,Northumberland,0.0,96620.0
E06000058,"Bournemouth, Christchurch and Poole",2019,1127021823.0,"   Bournemouth, Christchurch and Poole",2022-03-31,912.0,32,191707.0,30,0.47572597766383073,167.0,31,6676.0,29,2.5014979029358897,1562.0,7,198383.0,1,0.7873658529208651,11554838.350334404,1.0252541800456692,3651.3289187056716,E06000058,61,2108.4,4560.5,E06000058,0.0,1916.151572158022,0.32,0.029247204979472204,0.06326213162060473,48,"Bournemouth, Christchurch and Poole",0.0,0.0
E06000059,Dorset,2019,2043282059.0,   Dorset,2022-03-31,1108.0,32,216562.0,30,0.5116317728872101,162.0,31,7506.0,29,2.158273381294964,1897.0,7,224068.0,1,0.846617990967028,22471287.802939195,1.0997643572486924,7100.9269457287855,E06000059,79,1982.1,4301.2,E06000059,5.063291139240507,1244.9927896170486,0.32,0.0603074936354496,0.130868569509508,49,Dorset,12777.0,125080.0
E08000001,Bolton,2019,1226467205.0,      Bolton,2022-03-31,466.0,32,119437.0,30,0.3901638520726408,205.0,31,6823.0,29,3.0045434559577897,729.0,7,126260.0,1,0.5773800095041977,9598130.687378822,0.7825835577380009,3033.0092972117077,E08000001,44,502.7,914.4,E08000001,0.0,2799.586776859504,0.32,0.12116673247169421,0.220399562705624,50,Bolton,0.0,0.0
E08000002,Bury,2019,928902160.7,      Bury,2022-03-31,387.0,32,83165.0,30,0.46533998677328203,517.0,31,20304.0,29,2.5462962962962963,809.0,7,103469.0,1,0.7818766973682939,9661501.776398014,1.0400989668403098,3053.034561341772,E08000002,31,256.7,444.4,E08000002,0.0,2882.414151925078,0.32,0.25095944345188814,0.4344619270355243,51,Bury,0.0,0.0
E08000003,Manchester,2019,1657172514.0,      Manchester,2022-03-31,582.0,32,154109.0,30,0.3776547768138136,212.0,31,12712.0,29,1.667715544367527,947.0,7,166821.0,1,0.5676743335671168,12556170.471617602,0.7576863824098884,3967.749869031162,E08000003,172,2482.8,3898.6,E08000003,0.0,3555.300162249865,0.32,0.03717761106170333,0.058377893702737466,52,Manchester,0.0,0.0
E08000004,Oldham,2019,663220584.8,      Oldham,2022-03-31,347.0,32,89735.0,30,0.3866941550119797,123.0,31,5337.0,29,2.304665542439573,476.0,7,95072.0,1,0.5006731740154831,4635400.687772467,0.6989229215752272,1464.7866173360994,E08000004,52,508.0,857.0,E08000004,0.0,3276.627218934911,0.32,0.06243662419445979,0.10533107664301583,53,Oldham,0.0,0.0
E08000005,Rochdale,2019,929426697.9,      Rochdale,2022-03-31,351.0,32,89211.0,30,0.39344923832262835,121.0,31,4648.0,29,2.6032702237521512,506.0,7,93859.0,1,0.5391065321386335,6893436.979683418,0.7416869985829808,2178.3260855799604,E08000005,37,674.7,1327.4,E08000005,0.0,2330.1680058436814,0.32,0.05994693056925127,0.11793916650010985,54,Rochdale,0.0,0.0
E08000006,Salford,2019,1260044473.0,      Salford,2022-03-31,338.0,32,92134.0,30,0.36685696919703914,102.0,31,5647.0,29,1.8062688153001594,571.0,7,97781.0,1,0.5839580286558738,9689537.232572382,0.7689837493991677,3061.8937654928727,E08000006,94,1327.8,2503.6,E08000006,0.0,2831.5980081484836,0.32,0.044675667265517534,0.08423708432440856,55,Salford,0.0,0.0
E08000007,Stockport,2019,1161305176.0,      Stockport,2022-03-31,770.0,32,139252.0,30,0.5529543561313303,29683.0,31,195856.0,29,15.155522424638509,30789.0,7,335108.0,1,9.187784236723683,123435545.3694033,10.62903601227067,39005.63233673144,E08000007,30,447.0,918.0,E08000007,0.0,2577.777777777778,0.32,1.552138651097042,3.1876136056086906,56,Stockport,0.0,0.0
E08000008,Tameside,2019,685312885.9,      Tameside,2022-03-31,314.0,32,95679.0,30,0.3281806875071855,89.0,31,4406.0,29,2.0199727644121652,423.0,7,100085.0,1,0.4226407553579457,4041350.0363395014,0.5897087475645701,1277.0666114832825,E08000008,25,419.0,870.0,E08000008,0.0,2256.0,0.32,0.053621649566295386,0.11133850864600713,57,Tameside,0.0,0.0
E08000009,Trafford,2019,892846622.4,      Trafford,2022-03-31,728.0,32,107031.0,30,0.680176771215816,206.0,31,4914.0,29,4.192104192104193,1158.0,7,111945.0,1,1.034436553664746,12327496.507337425,1.3806958774398141,3895.4888963186263,E08000009,51,595.0,896.7,E08000009,0.0,2410.6113033448673,0.32,0.15869406072162623,0.23916128445223908,58,Trafford,0.0,0.0
E08000010,Wigan,2019,1102523350.0,      Wigan,2022-03-31,516.0,32,149740.0,30,0.3445973019901162,130.0,31,6282.0,29,2.0694046482012096,728.0,7,156022.0,1,0.46660086398072065,7068863.4163066745,0.6411531707066952,2233.760839552909,E08000010,43,802.7,1618.4,E08000010,0.0,1768.5235262303947,0.32,0.05041928415804796,0.10165512580214876,59,Wigan,0.0,0.0
E08000011,Knowsley,2019,918436250.1,      Knowsley,2022-03-31,211.0,32,57119.0,30,0.3694042262644654,71.0,31,4487.0,29,1.582349008246044,278.0,7,61606.0,1,0.4512547479141642,5844621.424685973,0.6363665876700322,1846.9003702007674,E08000011,10,343.0,817.0,E08000011,0.0,1800.0,0.32,0.08257855592409104,0.19669586061219352,60,Knowsley,0.0,0.0
E08000012,Liverpool,2019,1440402034.0,      Liverpool,2022-03-31,463.0,32,144741.0,30,0.31988171976150503,167.0,31,12863.0,29,1.2982974422762963,809.0,7,157604.0,1,0.5133118448770336,9696145.566808457,0.6731555036674196,3063.9819991114723,E08000012,134,1603.1,2714.6,E08000012,50.74626865671642,2719.982178658944,0.32,0.04123122488490577,0.06981865327962397,61,Liverpool,67575.0,0.0
E08000013,St. Helens,2019,728175389.4,      St. Helens,2022-03-31,279.0,32,82820.0,30,0.33687515092972714,88.0,31,4582.0,29,1.9205587079877782,401.0,7,87402.0,1,0.45879956980389464,4589816.065700486,0.630317384041555,1450.3818767613536,E08000013,26,467.4,922.8,E08000013,0.0,1745.5621301775147,0.32,0.057414376209050225,0.1133546991136319,62,St. Helens,0.0,0.0
E08000014,Sefton,2019,703793914.3,      Sefton,2022-03-31,465.0,32,118258.0,30,0.39320807048994577,94.0,31,6165.0,29,1.5247364152473641,667.0,7,124423.0,1,0.5360745199842473,5141440.717576211,0.7305321363413516,1624.695266754083,E08000014,21,372.4,749.8,E08000014,0.0,1020.4081632653061,0.32,0.07915390608900677,0.1593705660191656,63,Sefton,0.0,0.0
E08000015,Wirral,2019,1065807034.0,      Wirral,2022-03-31,522.0,32,144629.0,30,0.3609234662481245,116.0,31,7645.0,29,1.5173315892740353,916.0,7,152274.0,1,0.6015472109486846,8323393.413794345,0.7809475025283371,2630.192318759013,E08000015,72,781.7,1096.7,E08000015,73.61111111111111,5532.407407407407,0.32,0.08760835661851515,0.12291171127481844,64,Wirral,0.0,77370.0
E08000016,Barnsley,2019,1088666302.0,      Barnsley,2022-03-31,421.0,32,112959.0,30,0.3727015996954647,100.0,31,5013.0,29,1.994813484939158,676.0,7,117972.0,1,0.573017326145187,8280349.456833655,0.760595734581087,2616.590428359435,E08000016,29,624.7,1315.4,E08000016,0.0,2294.887039239001,0.32,0.07266474988206265,0.15300658235131295,65,Barnsley,0.0,100000.0
E08000017,Doncaster,2019,1730883132.0,      Doncaster,2022-03-31,675.0,32,142031.0,30,0.47524836127324316,433.0,31,8312.0,29,5.209335899903754,1409.0,7,150343.0,1,0.9371902915333604,20777321.114520796,1.2003884450888966,6565.633472188571,E08000017,30,901.6,2106.2,E08000017,0.0,1955.5555555555557,0.32,0.11387356002978934,0.2660165174520212,66,Doncaster,0.0,0.0
E08000018,Rotherham,2019,1340528399.0,      Rotherham,2022-03-31,477.0,32,122323.0,30,0.38995119478757057,91.0,31,4842.0,29,1.87938868236266,650.0,7,127165.0,1,0.5111469350843392,9459862.184521055,0.7056815947784375,2989.3164503086537,E08000018,59,1420.4,2935.8,E08000018,25.423728813559322,1008.3309393852342,0.32,0.03719557682420423,0.07687888935546239,67,Rotherham,0.0,0.0
E08000019,Sheffield,2019,1611751201.0,      Sheffield,2022-03-31,1031.0,32,211313.0,30,0.4879018328261867,1168.0,31,14502.0,29,8.054061508757412,2039.0,7,225815.0,1,0.9029515311206074,19409605.643944778,1.2042556960343644,6133.43538348655,E08000019,26,542.0,1118.0,E08000019,0.0,1360.9467455621302,0.32,0.2004046816636541,0.4133808747231832,68,Sheffield,0.0,0.0
E08000021,Newcastle upon Tyne,2019,1006029025.0,      Newcastle upon Tyne,2022-03-31,412.0,32,93311.0,30,0.44153422426080524,117.0,31,5450.0,29,2.146788990825688,757.0,7,98761.0,1,0.7664968965482326,9946405.168849546,0.9886797420034225,3143.0640333564565,E08000021,208,2361.1,3596.6,E08000021,0.0,6946.190828402367,0.32,0.0319232398671445,0.04862781098054802,69,Newcastle upon Tyne,0.0,0.0
E08000022,North Tyneside,2019,758433833.8,      North Tyneside,2022-03-31,310.0,32,87207.0,30,0.3554760512344192,94.0,31,4914.0,29,1.912901912901913,590.0,7,92121.0,1,0.6404620010638182,6224161.465385742,0.8206597844139771,1966.8350230618944,E08000022,57,897.0,1711.8,E08000022,0.0,3868.882733148661,0.32,0.041972108145649126,0.08009794283581066,70,North Tyneside,0.0,0.0
E08000023,South Tyneside,2019,434910011.2,      South Tyneside,2022-03-31,227.0,32,58632.0,30,0.3871605948969846,77.0,31,2709.0,29,2.842377260981912,390.0,7,61341.0,1,0.6357900914559593,3635629.604068013,0.8359498540943251,1148.858954885492,E08000023,89,1702.4,3484.8,E08000023,46.06741573033708,3912.3847998990027,0.32,0.01204300114978649,0.024651932804732123,71,South Tyneside,145793.53,0.0
E08000024,Sunderland,2019,979739519.2,      Sunderland,2022-03-31,319.0,32,110437.0,30,0.28885246792288816,68.0,31,4866.0,29,1.3974517057131115,636.0,7,115303.0,1,0.5515901581051663,6818996.570368438,0.6960009713537375,2154.8029162364264,E08000024,211,2409.0,3861.1,E08000024,0.0,5118.258799218346,0.32,0.020386486177598636,0.03267507753438194,72,Sunderland,0.0,69300.0
E08000025,Birmingham,2019,3442616112.0,      Birmingham,2022-03-31,1803.0,32,388555.0,30,0.4640269717285841,502.0,31,23099.0,29,2.1732542534308843,2222.0,7,411654.0,1,0.5397736934415795,26600421.836217407,0.7726804549451725,8405.7333002447,E08000025,116,2373.2,4309.1,E08000025,18.96551724137931,826.3971462544589,0.32,0.07125820953189071,0.12938595596404445,73,Birmingham,0.0,0.0
E08000026,Coventry,2019,1125044205.0,      Coventry,2022-03-31,469.0,32,133764.0,30,0.3506175054573727,642.0,31,8020.0,29,8.00498753117207,1107.0,7,141784.0,1,0.7807651074874457,11371608.22538192,1.0107699035152065,3593.4281992206866,E08000026,486,5039.2,9314.3,E08000026,84.5679012345679,7187.081915019729,0.32,0.014093037966693771,0.026049131515553218,74,Coventry,1481586.14,1388100.0
E08000027,Dudley,2019,944581775.6,      Dudley,2022-03-31,557.0,32,151989.0,30,0.3664738895577969,223.0,31,6691.0,29,3.332835151696308,781.0,7,158680.0,1,0.49218553062767834,6472897.221779229,0.6852659440383162,2045.4355220822363,E08000027,33,690.8,1407.6,E08000027,0.0,1074.3801652892562,0.32,0.05308262704567213,0.10816315261940951,75,Dudley,0.0,316710.0
E08000028,Sandwell,2019,1130427674.0,      Sandwell,2022-03-31,364.0,32,125804.0,30,0.2893389717338081,263.0,31,7100.0,29,3.7042253521126765,499.0,7,132904.0,1,0.37545897790886656,6096895.962498795,0.5393441882862817,1926.6191241496194,E08000028,24,489.0,1004.0,E08000028,0.0,1145.8333333333333,0.32,0.07009838724188613,0.14392388709786028,76,Sandwell,0.0,300430.0
E08000029,Solihull,2019,1312701635.0,      Solihull,2022-03-31,694.0,32,108695.0,30,0.6384838309029854,3284.0,31,38159.0,29,8.606095547577244,5589.0,7,146854.0,1,3.8058207471366114,57402069.9566515,4.3728192626690445,18139.054106301875,E08000029,64,1573.4,2703.5,E08000029,26.5625,1547.8515625,0.32,0.24509482102165045,0.4211350251887835,77,Solihull,95553.1,0.0
E08000030,Walsall,2019,819974458.4,      Walsall,2022-03-31,441.0,32,118508.0,30,0.3721267762513923,124.0,31,5272.0,29,2.3520485584218513,511.0,7,123780.0,1,0.4128292131200517,4939786.345809469,0.6024317337211182,1560.9724852757922,E08000030,20,613.0,1273.0,E08000030,0.0,1500.0,0.32,0.04479326468668316,0.09302092324004513,78,Walsall,0.0,254040.0
E08000031,Wolverhampton,2019,688014417.8,      Wolverhampton,2022-03-31,381.0,32,105875.0,30,0.3598583234946871,138.0,31,5322.0,29,2.593010146561443,525.0,7,111197.0,1,0.4721350396143781,4531551.026129679,0.6586418698346178,1431.9701242569786,E08000031,29,1524.0,2690.0,E08000031,0.0,2675.3864447086803,0.32,0.019445877669799917,0.03432376045391193,79,Wolverhampton,0.0,279790.0
E08000032,Bradford,2019,1539529789.0,      Bradford,2022-03-31,1017.0,32,201977.0,30,0.5035226783247597,290.0,31,10634.0,29,2.727101749106639,1179.0,7,212611.0,1,0.5545338670153473,12460639.603806341,0.8093795711416625,3937.562114802804,E08000032,62,2035.7,4661.4,E08000032,11.290322580645162,1087.4089490114463,0.32,0.03085722861634885,0.07065770274217642,80,Bradford,0.0,330850.0
E08000033,Calderdale,2019,842044924.6,      Calderdale,2022-03-31,475.0,32,89551.0,30,0.5304240041987248,146.0,31,3826.0,29,3.8159958180867743,597.0,7,93377.0,1,0.6393437356094114,7679916.468033777,0.9120554312089699,2426.853603898673,E08000033,38,1090.7,2764.4,E08000033,0.0,2022.1606648199447,0.32,0.0320692325436938,0.08128008292269841,81,Calderdale,0.0,97500.0
E08000034,Kirklees,2019,1518187481.0,      Kirklees,2022-03-31,941.0,32,187841.0,30,0.5009555954237892,273.0,31,8529.0,29,3.200844178684488,1178.0,7,196370.0,1,0.5998879665936753,12988825.663692212,0.8555481998268574,4104.468909726739,E08000034,39,1412.0,3323.0,E08000034,0.0,1124.2603550295858,0.32,0.04512035430081735,0.10618621624760342,82,Kirklees,0.0,0.0
E08000035,Leeds,2019,3846300565.0,      Leeds,2022-03-31,1679.0,32,306743.0,30,0.5473637540220967,11866.0,31,113684.0,29,10.437704514267619,17865.0,7,420427.0,1,4.24925135635913,187249106.04504386,4.868291046959401,59170.71751023386,E08000035,203,5487.1,11860.2,E08000035,2.4630541871921183,831.1291222791139,0.32,0.1822471288539918,0.39392163394764335,83,Leeds,0.0,97500.0
E08000036,Wakefield,2019,1621618038.0,      Wakefield,2022-03-31,664.0,32,160501.0,30,0.4137045875103582,285.0,31,7980.0,29,3.571428571428571,929.0,7,168481.0,1,0.5513974869569863,12484594.543421395,0.7698850315465839,3945.1318757211607,E08000036,50,1844.0,4287.0,E08000036,0.0,1176.0,0.32,0.03361660984815438,0.07815314881726564,84,Wakefield,0.0,0.0
E08000037,Gateshead,2019,1019892181.0,      Gateshead,2022-03-31,231.0,32,75315.0,30,0.3067118103963354,71.0,31,3848.0,29,1.8451143451143452,503.0,7,79163.0,1,0.6353978500056845,8075858.857522327,0.7918345691800462,2551.9713989770557,E08000037,93,1619.8,3222.0,E08000037,1.075268817204301,4251.358538559371,0.32,0.028933177996899803,0.057551981421170004,85,Gateshead,0.0,0.0
E09000001,City of London,2019,71486873.49,      City of London,2022-03-31,40.0,32,1285.0,30,3.11284046692607,84.0,31,981.0,29,8.56269113149847,233.0,7,2266.0,1,10.28243601059135,8366424.911539274,11.70344218887908,2643.7902720464103,E09000001,70,713.3,1079.1,E09000001,12.857142857142858,3608.1632653061224,1.0,0.27967986513858906,0.42310744773734954,86,City of London,97435.0,0.0
E09000002,Barking and Dagenham,2019,388219674.7,      Barking and Dagenham,2022-03-31,660.0,32,60511.0,30,1.0907107798582076,75.0,31,3860.0,29,1.9430051813471503,568.0,7,64370.99999999999,1,0.8823849248885369,5443856.540491138,1.40226188811732,1720.2586667951996,E09000002,58,693.8,1306.6,E09000002,0.0,5523.186682520809,0.39,0.05861538225410297,0.11038751578727435,87,Barking and Dagenham,0.0,0.0
E09000003,Barnet,2019,1016421781.0,      Barnet,2022-03-31,1992.0,32,132622.0,30,1.502013240638808,216.0,31,7106.0,29,3.0396847734309036,3380.0,7,139728.0,1,2.4189854574602085,31923069.51708233,3.1407305622351998,10087.689967398015,E09000003,76,1601.4,2830.8,E09000003,0.0,2666.204986149585,0.46,0.18712691803255704,0.33078486297399934,88,Barnet,0.0,3549600.0
E09000004,Bexley,2019,627399399.6,      Bexley,2022-03-31,753.0,32,99635.0,30,0.7557585185928639,238.0,31,5182.0,29,4.592821304515631,762.0,7,104817.0,1,0.7269813102836372,6983295.243436961,1.113054180142534,2206.72129692608,E09000004,39,1102.1,2943.2,E09000004,0.0,3701.5121630506246,0.29,0.024821133092043573,0.06628578070638112,89,Bexley,0.0,150000.0
E09000005,Brent,2019,537824813.9,      Brent,2022-03-31,1445.0,32,82631.0,30,1.7487383669567111,187.0,31,7578.0,29,2.467669569807337,1715.0,7,90209.0,1,1.9011406844106464,14613424.396127768,2.7171346539702244,4617.842109176375,E09000005,185,1955.4,3820.1,E09000005,0.5405405405405406,1573.9956172388606,0.5,0.06899700606071381,0.13479362936101708,90,Brent,0.0,600000.0
E09000006,Bromley,2019,775949169.9,      Bromley,2022-03-31,1460.0,32,140598.0,30,1.0384215991692627,144.0,31,4809.0,29,2.9943855271366187,1652.0,7,145407.0,1,1.1361213696727117,12748647.361482596,1.6429745473051502,4028.5725662285004,E09000006,76,1156.1,2207.2,E09000006,0.0,3691.1357340720224,0.36,0.07500805395719551,0.143203681943017,91,Bromley,0.0,0.0
E09000007,Camden,2019,218491001.6,      Camden,2022-03-31,1093.0,32,36524.0,30,2.992552841966926,130.0,31,3211.0,29,4.048582995951417,1879.0,7,39735.0,1,4.728828488737888,13384230.332566047,6.1257581477287015,4229.416785090872,E09000007,398,2618.5,3865.7000000000003,E09000007,66.83417085427136,5071.841620161107,0.85,0.10616152701753735,0.1567266049233126,92,Camden,70925.0,502560.0
E09000008,Croydon,2019,748163979.0,      Croydon,2022-03-31,1311.0,32,132846.0,30,0.9868569621968294,155.0,31,5448.0,29,2.845080763582966,1325.0,7,138294.0,1,0.9581037499819226,10769267.959250292,1.4394261500860486,3403.0886751230923,E09000008,202,3522.2,6972.5,E09000008,0.9900990099009901,1364.572100774434,0.49,0.027300884440181916,0.054044465606486965,93,Croydon,0.0,0.0
E09000009,Ealing,2019,687954306.9,      Ealing,2022-03-31,1535.0,32,105788.0,30,1.4510152380232162,878.0,31,9428.0,29,9.31268561731014,1698.0,7,115216.0,1,1.473753645327038,15416216.734392488,2.240878003055131,4871.524488068027,E09000009,208,2014.6,3519.2,E09000009,31.25,2541.6050295857985,0.49,0.07743065176035406,0.1352595799042182,94,Ealing,0.0,255000.0
E09000010,Enfield,2019,951805764.5,      Enfield,2022-03-31,1070.0,32,112099.0,30,0.9545134211723566,118.0,31,5520.0,29,2.1376811594202896,1084.0,7,117619.0,1,0.9216198063238081,13158045.665045613,1.3824297094857125,4157.942430154414,E09000010,137,1627.9,3033.9,E09000010,56.2043795620438,3806.8091001118864,0.45,0.07040210061500954,0.13120764976710944,95,Enfield,43380.0,117000.0
E09000011,Greenwich,2019,616705610.7,      Greenwich,2022-03-31,895.0,32,74015.0,30,1.2092143484428832,80.0,31,3668.0,29,2.1810250817884405,836.0,7,77683.0,1,1.0761685310814464,10213593.752121894,1.6561538560560225,3227.495625670518,E09000011,225,2571.0,4443.6,E09000011,10.666666666666666,2552.6913580246915,0.61,0.05057739219575905,0.08741567481955462,96,Greenwich,0.0,0.0
E09000012,Hackney,2019,250612864.6,      Hackney,2022-03-31,666.0,32,38095.0,30,1.7482609266307914,50.0,31,3065.0,29,1.631321370309951,625.0,7,41160.0,1,1.5184645286686105,5838135.060570067,2.3295432458697762,1844.8506791401412,E09000012,143,1423.6,2717.2,E09000012,43.35664335664335,3874.5170913003085,0.84,0.06510506763600821,0.12426488464495748,97,Hackney,0.0,0.0
E09000013,Hammersmith and Fulham,2019,269506523.5,      Hammersmith and Fulham,2022-03-31,998.0,32,39008.0,30,2.5584495488105,402.0,31,5407.0,29,7.434806732014056,2714.0,7,44415.0,1,6.110548238207813,19801554.1656652,7.347337611167398,6257.291116350204,E09000013,756,6182.4,10358.2,E09000013,62.03703703703704,4406.266621875087,0.83,0.05723689349962284,0.09589660815343447,98,Hammersmith and Fulham,428095.33999999997,4218750.0
E09000014,Haringey,2019,316033852.8,      Haringey,2022-03-31,954.0,32,57944.0,30,1.64641723042938,116.0,31,3229.0,29,3.592443480953856,1099.0,7,61173.0,1,1.796544227028264,8182586.73100564,2.5891488074804245,2585.6974069977823,E09000014,112,1247.6,2344.4,E09000014,25.0,2563.775510204082,0.68,0.08561518387343765,0.16088188287342675,99,Haringey,0.0,0.0
E09000015,Harrow,2019,476381482.0,      Harrow,2022-03-31,1111.0,32,93762.0,30,1.1849149975469808,101.0,31,4128.0,29,2.446705426356589,1347.0,7,97890.0,1,1.3760343242414956,9278172.956300747,1.9476351006231485,2931.9026541910357,E09000015,62,682.2,1236.3,E09000015,41.935483870967744,2643.080124869927,0.33,0.08933785299513183,0.16190030439443195,100,Harrow,69985.0,109900.0
E09000016,Havering,2019,853197037.3,      Havering,2022-03-31,845.0,32,109127.0,30,0.7743271600978676,172.0,31,4906.0,29,3.505911129229515,1025.0,7,114033.0,1,0.8988626099462436,10960035.078344908,1.284584287004639,3463.371084756991,E09000016,34,669.1,1433.0,E09000016,0.0,692.0415224913495,0.26,0.07173350938867733,0.15363042737105756,101,Havering,0.0,346490.0
E09000017,Hillingdon,2019,1337783009.0,      Hillingdon,2022-03-31,1080.0,32,118628.0,30,0.9104090096773105,329.0,31,17221.0,29,1.9104581615469483,5328.0,7,135849.0,1,3.922001634167348,58165185.1085319,4.34787889494954,18380.19849429608,E09000017,165,2710.2,5149.8,E09000017,0.0,1792.1028466483012,0.32,0.13037841781182677,0.24773919860059976,102,Hillingdon,0.0,0.0
E09000018,Hounslow,2019,906746978.2,      Hounslow,2022-03-31,1088.0,32,90238.0,30,1.2057004809503757,278.0,31,4632.0,29,6.001727115716753,1227.0,7,94870.0,1,1.2933487930852745,17221406.559084266,1.8992516074628443,5441.964472670628,E09000018,416,3118.7,4718.3,E09000018,54.32692307692308,3589.358357988166,0.49,0.06451521148077692,0.09760545173622014,103,Hounslow,0.0,179850.0
E09000019,Islington,2019,198452606.1,      Islington,2022-03-31,772.0,32,31829.0,30,2.4254610575261553,50.0,31,2891.0,29,1.7295053614666205,1023.0,7,34720.0,1,2.946428571428571,8052305.945321371,4.057546082949308,2544.528678721553,E09000019,222,2108.2,3813.6,E09000019,35.13513513513514,4065.416768119471,0.87,0.06626548143749142,0.11987005028461117,104,Islington,27000.0,120000.0
E09000020,Kensington and Chelsea,2019,263295623.3,      Kensington and Chelsea,2022-03-31,1307.0,32,36647.0,30,3.566458373127405,107.0,31,2473.0,29,4.326728669632026,1648.0,7,39120.0,1,4.212678936605317,15510212.116114112,5.89079754601227,4901.227028692059,E09000020,645,3330.8,3737.9,E09000020,84.49612403100775,7305.834985878252,0.87,0.13022437680382923,0.146140776406579,105,Kensington and Chelsea,205508.0,209160.0
E09000021,Kingston upon Thames,2019,542772372.5,      Kingston upon Thames,2022-03-31,756.0,32,63022.0,30,1.1995810986639588,62.0,31,1850.0,29,3.3513513513513513,872.0,7,64872.0,1,1.344185472931311,10473083.758064343,1.9295535824392651,3309.494467548332,E09000021,170,1039.2,1458.2,E09000021,58.23529411764706,4274.048442906575,0.39,0.10104272878677671,0.14178262809553294,106,Kingston upon Thames,0.0,406960.0
E09000022,Lambeth,2019,397710910.8,      Lambeth,2022-03-31,1000.0,32,59531.0,30,1.6797970805126743,59.0,31,2868.0,29,2.0571827057182706,888.0,7,62399.0,1,1.4230997291623262,8839330.38418853,2.222551643455825,2793.2284014035754,E09000022,326,2476.3,4145.0,E09000022,78.83435582822086,6227.558432759984,0.76,0.058464387006040106,0.09786168240521594,107,Lambeth,139815.25,67080.0
E09000023,Lewisham,2019,467457465.5,      Lewisham,2022-03-31,793.0,32,71929.0,30,1.1024760527742636,30.0,31,3020.0,29,0.9933774834437087,731.0,7,74949.0,1,0.9753298909925416,7010832.876283673,1.4997798502982027,2215.4231889056405,E09000023,85,1215.0,2337.1,E09000023,0.0,4948.096885813149,0.48,0.051941744660855084,0.09991197649949335,108,Lewisham,0.0,69190.0
E09000024,Merton,2019,351323264.9,      Merton,2022-03-31,936.0,32,66504.0,30,1.4074341392998917,90.0,31,3496.0,29,2.5743707093821513,1085.0,7,70000.0,1,1.55,7815135.838662656,2.224485714285714,2469.5829250173992,E09000024,263,2248.4,3682.8,E09000024,34.22053231939164,4229.785019300553,0.46,0.03521269011331473,0.057677146036877555,109,Merton,0.0,910190.0
E09000025,Newham,2019,511924021.3,      Newham,2022-03-31,1016.0,32,63468.0,30,1.600806705741476,107.0,31,4485.0,29,2.3857302118171684,534.0,7,67953.0,1,0.7858372698777096,7894280.792313172,1.5420805556781891,2494.5927303709623,E09000025,142,1522.7,3035.1,E09000025,0.0,2711.763538980361,0.78,0.07318416873001976,0.1458732977687548,110,Newham,0.0,0.0
E09000026,Redbridge,2019,681592392.2,      Redbridge,2022-03-31,1283.0,32,97874.0,30,1.3108690765678321,134.0,31,4890.0,29,2.740286298568507,1122.0,7,102764.0,1,1.0918220388462887,11744807.134171443,1.723142345568487,3711.3590543981763,E09000026,120,1764.0,2892.5,E09000026,55.0,2119.444444444445,0.33,0.04833585867841955,0.07925820364361029,111,Redbridge,0.0,557610.0
E09000027,Richmond upon Thames,2019,454812894.5,      Richmond upon Thames,2022-03-31,1390.0,32,73697.0,30,1.8861011981491784,78.0,31,2054.0,29,3.79746835443038,1510.0,7,75751.0,1,1.9933730247785508,13225724.33373289,2.907948409921982,4179.3288894595935,E09000027,357,2070.0,2883.4,E09000027,77.87114845938375,6350.540216086435,0.47,0.07776701093165037,0.10832531368131432,112,Richmond upon Thames,154231.0,300180.0
E09000028,Southwark,2019,384781104.5,      Southwark,2022-03-31,975.0,32,52861.0,30,1.8444599988649477,69.0,31,3199.0,29,2.156924038762113,1012.0,7,56060.0,1,1.8052087049589727,10296292.09526311,2.6758829825187296,3253.6283021031427,E09000028,497,3001.8,4260.8,E09000028,77.46478873239437,6243.699622280969,0.84,0.07322375023380392,0.10393489073095867,113,Southwark,318238.0,37440.0
E09000029,Sutton,2019,401833425.3,      Sutton,2022-03-31,718.0,32,83413.0,30,0.8607770970951769,76.0,31,2749.0,29,2.7646416878865043,721.0,7,86162.0,1,0.8367958032543348,5056473.1131910365,1.2583505489659017,1597.8455037683675,E09000029,63,1214.1,2750.0,E09000029,0.0,1690.602166792643,0.39,0.02586798449438204,0.058592337830121584,114,Sutton,0.0,0.0
E09000030,Tower Hamlets,2019,465293697.1,      Tower Hamlets,2022-03-31,875.0,32,41711.0,30,2.0977679748747335,121.0,31,4297.0,29,2.815918082383058,1365.0,7,46008.0,1,2.9668753260302556,18324327.286026128,3.938228134237524,5790.487422384256,E09000030,85,893.1,1535.8,E09000030,23.529411764705884,2257.439446366782,0.93,0.40027577009954196,0.6883255265019333,115,Tower Hamlets,0.0,418090.0
E09000031,Waltham Forest,2019,470746167.9,      Waltham Forest,2022-03-31,809.0,32,71622.0,30,1.1295412024238363,64.0,31,4362.0,29,1.4672168729940394,511.0,7,75984.0,1,0.6725100021057064,5681182.136054683,1.206846178142767,1795.2535549932797,E09000031,320,2623.2,3977.0,E09000031,63.75,4358.59375,0.63,0.032464345203119034,0.049218778923758914,116,Waltham Forest,131261.0,0.0
E09000032,Wandsworth,2019,439200051.1,      Wandsworth,2022-03-31,1707.0,32,76139.0,30,2.24195221896794,88.0,31,3031.0,29,2.903332233586275,1522.0,7,79170.0,1,1.922445370721233,13156751.511813732,2.9956170266515096,4157.533477733139,E09000032,676,4627.0,7176.2,E09000032,59.9112426035503,4266.263436154196,0.8,0.05290870134946503,0.08205822836049946,117,Wandsworth,294946.5,300170.0
E09000033,Westminster,2019,389578809.2,      Westminster,2022-03-31,1379.0,32,40299.0,30,3.4219211394823694,411.0,31,9113.0,29,4.510040601338747,4153.0,7,49412.0,1,8.404840929328907,38557043.33682732,9.897110013761838,12184.025694437434,E09000033,1211,8089.6,11797.7,E09000033,71.01568951279934,5337.4278309004785,0.93,0.10964082636015322,0.1598978413208539,118,Westminster,107587.5,1722500.0
E06000060,Buckinghamshire,2019,3407573015.0,   Buckinghamshire,2022-03-31,2915.0,32,306205.0,30,0.9519766169722897,492.0,31,10826.0,29,4.5446148161832625,4202.0,7,317031.0,1,1.3254224350300128,61310432.14547552,1.7992404528263797,19374.096557970268,E06000060,144,2591.1,5348.9,E06000060,32.638888888888886,1138.1172839506173,0.32,0.1323131026246613,0.2731386494651117,119,Buckinghamshire,35283.0,105520.0
E10000003,Cambridgeshire,2019,3862656632.0,   Cambridgeshire,2022-03-31,2279.0,32,333313.0,30,0.6837417082442029,926.0,31,16881.0,29,5.485457022688229,3795.0,7,350194.0,1,1.0836850431475125,55708470.768047206,1.4422320199660763,17603.876762702916,E10000003,102,1782.8,4252.6,E10000003,13.72549019607843,703.5755478662054,0.32,0.1512166654121275,0.36070450489769657,120,Cambridgeshire,0.0,118460.0
E10000006,Cumbria,2019,3033912774.0,   Cumbria,2022-03-31,858.0,32,250065.0,30,0.3431107911942895,231.0,31,11279.0,29,2.048053905488075,1382.0,7,261344.0,1,0.5288049467368678,21326336.70461989,0.7029317680910984,6739.122398659885,E10000006,100,2659.7,5994.1,E10000006,0.0,1336.0,0.32,0.0410700500768519,0.0925585544105192,121,Cumbria,0.0,20100.0
E10000007,Derbyshire,2019,4266405954.0,   Derbyshire,2022-03-31,2131.0,32,412978.0,30,0.5160081166551245,810.0,31,22208.0,29,3.647334293948127,3995.0,7,435186.0,1,0.9179982811947075,50593535.96565207,1.1858584605203295,15987.557365146055,E10000007,180,3412.7,6707.4,E10000007,47.22222222222222,1346.2962962962963,0.32,0.08707104994045861,0.17113146786140948,122,Derbyshire,269756.0,301590.0
E10000008,Devon,2019,4649426146.0,   Devon,2022-03-31,2106.0,32,421420.0,30,0.49973897774192017,1245.0,31,29397.0,29,4.235126033268701,3629.0,7,450817.0,1,0.8049829531716861,49995844.50830989,1.0753121554865943,15798.686864625926,E10000008,109,2420.7,5086.2,E10000008,0.9174311926605505,404.8480767612154,0.32,0.11346800781648347,0.23841078256545556,123,Devon,5675.0,253500.0
E10000011,East Sussex,2019,2311254294.0,   East Sussex,2022-03-31,1634.0,32,279328.0,30,0.5849753694581281,197.0,31,10181.0,29,1.9349769177880365,2513.0,7,289509.0,1,0.8680213741196301,26690045.795618583,1.154786206991838,8434.054471415471,E10000011,80,1689.7,3461.4,E10000011,1.25,746.875,0.32,0.08900829549439807,0.18233610346470347,124,East Sussex,0.0,0.0
E10000012,Essex,2019,7681565837.0,   Essex,2022-03-31,4414.0,32,770559.0,30,0.5728308928972343,1730.0,31,39494.0,29,4.380412214513597,6695.0,7,810053.0,1,0.8264891309580978,86458047.9297408,1.1255263544484129,27320.743145798093,E10000012,174,3464.8,6830.9,E10000012,18.39080459770115,734.5752411150747,0.32,0.1461034438300045,0.2880449129699774,125,Essex,224762.5,0.0
E10000013,Gloucestershire,2019,3538815908.0,   Gloucestershire,2022-03-31,2015.0,32,347175.0,30,0.5803989342550586,453.0,31,12569.0,29,3.604105338531307,3584.0,7,359744.0,1,0.9962640099626401,45636976.96691091,1.2896115015121865,14421.284721543849,E10000013,98,2762.1,5718.5,E10000013,6.122448979591836,551.8533944189921,0.32,0.09212292057968614,0.1907262305256635,126,Gloucestershire,0.0,0.0
E10000014,Hampshire,2019,8216973203.0,   Hampshire,2022-03-31,4783.0,32,770759.0,30,0.6205571391316871,3515.0,31,91891.0,29,3.8251841856112136,8864.0,7,862650.0,1,1.0275314438068741,111778268.33518665,1.3603338549817423,35321.93279391898,E10000014,337,7476.8,16041.9,E10000014,26.706231454005934,697.2853507559281,0.32,0.08043304813309868,0.1725736832396688,127,Hampshire,213014.83000000002,0.0
E10000015,Hertfordshire,2019,6335184262.0,   Hertfordshire,2022-03-31,4860.0,32,592204.0,30,0.820663149860521,1066.0,31,22103.0,29,4.8228747228882956,7241.0,7,614307.0,1,1.1787265976132455,100882251.06691377,1.5924122629239126,31878.79133714475,E10000015,302,4692.6,8666.6,E10000015,7.28476821192053,930.660935923863,0.32,0.13436896337409024,0.24816137279501568,128,Hertfordshire,266350.0,270720.0
E10000016,Kent,2019,7506785486.0,   Kent,2022-03-31,4774.0,32,780410.0,30,0.6117297318076396,1039.0,31,32354.999999999996,29,3.211250193169526,6612.0,7,812765.0,1,0.8135192829415636,84114253.403389,1.120509618401383,26580.10407547093,E10000016,267,6401.6,13211.3,E10000016,11.235955056179776,900.699967736958,0.32,0.07349486469562237,0.1516750040541858,129,Kent,69416.25,544250.0
E10000017,Lancashire,2019,6354797727.0,   Lancashire,2022-03-31,2505.0,32,574504.0,30,0.4360282957124755,657.0,31,26733.0,29,2.457636628885647,4280.0,7,601237.0,1,0.7118657035411993,59252833.83684304,0.9324110126289633,18723.895492442403,E10000017,286,7222.1,13520.9,E10000017,2.097902097902098,1306.6653626094185,0.32,0.05058671519885086,0.09470623745616132,130,Lancashire,184340.5,547500.0
E10000018,Leicestershire,2019,3964413257.0,   Leicestershire,2022-03-31,2095.0,32,374585.0,30,0.5592856094077445,1080.0,31,23392.0,29,4.6169630642954855,3793.0,7,397977.0,1,0.9530701522952332,49623276.87381017,1.2517180641092327,15680.955492124014,E10000018,183,2841.0,5002.6,E10000018,16.939890710382514,822.6581862701186,0.32,0.1145045160416055,0.20162629072500374,131,Leicestershire,361486.42,275660.0
E10000019,Lincolnshire,2019,3365574044.0,   Lincolnshire,2022-03-31,1735.0,32,393380.0,30,0.4410493670242514,463.0,31,17126.0,29,2.7034917669041225,2604.0,7,410506.0,1,0.634339083959796,28888583.11800169,0.8583552980955212,9128.792265288534,E10000019,131,2712.5,5174.0,E10000019,20.610687022900763,1332.6729211584407,0.32,0.0644514618423239,0.12293893587914614,132,Lincolnshire,264308.25,37500.0
E10000020,Norfolk,2019,4514816673.0,   Norfolk,2022-03-31,1876.0,32,470196.0,30,0.3989825519570562,435.0,31,18723.0,29,2.3233456176894727,3263.0,7,488919.0,1,0.6673907129810869,39222526.98381689,0.8687512655470538,12394.318526886138,E10000020,142,3287.8,7034.6,E10000020,2.816901408450704,792.5014878000397,0.32,0.06436193872186435,0.13770925668618134,133,Norfolk,128281.0,126574.0
E10000021,Northamptonshire,2019,4552475097.0,Northamptonshire,2022-03-31,2079.0,32,398634.0,30,0.521531028462198,1589.0,31,20102.0,29,7.9046861,3759.0,7,418736.0,1,0.89770165,54534332.4554321,1.197905123992205,17232.849055916544,E10000021,170,3706.0,7372.1,E10000021,25.294117647058822,930.795847750865,0.32,0.0853909290156181,0.16986251154777066,199,Northamptonshire,0.0,0.0
E10000023,North Yorkshire,2019,4312443857.0,   North Yorkshire,2022-03-31,1829.0,32,323206.0,30,0.5658929599079224,561.0,31,15040.0,29,3.7300531914893615,2993.0,7,338246.0,1,0.8848589488124028,50658077.03165602,1.1746953400779316,16007.952342003302,E10000023,99,2666.0,4947.0,E10000023,1.0101010101010102,1233.547597183961,0.32,0.11820606071483424,0.21934185384706864,134,North Yorkshire,117470.36,146740.0
E10000024,Nottinghamshire,2019,3832559566.0,   Nottinghamshire,2022-03-31,2070.0,32,404519.0,30,0.5117188562218339,408.0,31,16727.0,29,2.4391702038620195,3087.0,7,421246.0,1,0.7328259496826083,37871052.053847395,0.9881399467294645,11967.252449015778,E10000024,234,5399.8,11216.6,E10000024,31.196581196581196,1748.8494411571335,0.32,0.03897436895434996,0.08095853676309525,135,Nottinghamshire,153160.0,51000.0
E10000025,Oxfordshire,2019,4006119873.0,   Oxfordshire,2022-03-31,2828.0,32,354708.0,30,0.7972755054862027,1464.0,31,26352.0,29,5.555555555555555,6181.0,7,381060.0,1,1.6220542696688187,81858319.6597317,2.0433317587781454,25867.229012475218,E10000025,268,6107.0,11026.8,E10000025,14.17910447761194,1569.1133882824683,0.32,0.08569318458316573,0.15472762530893266,136,Oxfordshire,0.0,1198700.0
E10000027,Somerset,2019,3685156283.0,   Somerset,2022-03-31,1487.0,32,315656.0,30,0.47108244417974,226.0,31,10627.0,29,2.126658511339042,2426.0,7,326283.0,1,0.743526325306559,36012392.196449056,0.977228356978451,11379.915934077902,E10000027,61,1636.7,3419.4,E10000027,0.0,513.3028755710831,0.32,0.12157240792414277,0.25398954704943716,137,Somerset,0.0,458500.0
E10000028,Staffordshire,2019,4815810497.0,   Staffordshire,2022-03-31,2185.0,32,452418.0,30,0.4829604480811992,620.0,31,19669.0,29,3.152168386801566,3279.0,7,472087.0,1,0.6945753642866674,45319952.68773986,0.9410659475901686,14321.105049325794,E10000028,128,3367.8,7036.6,E10000028,9.375,631.103515625,0.32,0.07434633060422781,0.15533742797366512,138,Staffordshire,4867.0,96220.0
E10000029,Suffolk,2019,3291386137.0,   Suffolk,2022-03-31,1734.0,32,408874.0,30,0.4240915294198212,593.0,31,16407.0,29,3.614310964832084,3128.0,7,425281.0,1,0.7355136956506404,31472799.816087645,0.9562171834622285,9945.404741883694,E10000029,130,2126.9,4370.7,E10000029,10.76923076923077,671.0059171597633,0.32,0.08312225875134842,0.17081313476163362,139,Suffolk,82562.0,60000.0
E10000030,Surrey,2019,7230590384.0,   Surrey,2022-03-31,6066.0,32,647789.0,30,0.936416024353609,1389.0,31,29773.0,29,4.665300775870755,8781.0,7,677562.0,1,1.2959699628963843,127648954.1774612,1.7654015425894607,40337.06952007774,E10000030,279,5767.8,12320.9,E10000030,1.7921146953405018,1167.3796585347054,0.32,0.11959355699999155,0.2554700676932619,140,Surrey,0.0,166090.0
E10000031,Warwickshire,2019,4843562415.0,   Warwickshire,2022-03-31,1922.0,32,314338.0,30,0.611443732542677,464.0,31,19881.0,29,2.3338866254212562,8678.0,7,334219.0,1,2.59650109658637,140420253.7637079,2.8991110619085085,44372.8001893317,E10000031,176,2932.1,5724.5,E10000031,46.02272727272727,2129.3904958677685,0.32,0.2831555957427668,0.5528202339038466,141,Warwickshire,327205.5,0.0
E10000032,West Sussex,2019,3904211338.0,   West Sussex,2022-03-31,2802.0,32,460262.0,30,0.608783692766294,445.0,31,16297.999999999998,29,2.7303963676524727,4279.0,7,476560.0,1,0.8978932348497566,46850617.9808644,1.2000020983716635,14804.795281953151,E10000032,190,2882.5,5862.4,E10000032,5.2631578947368425,888.0886426592798,0.32,0.09225137137066777,0.18761992698123253,142,West Sussex,60000.0,0.0
E10000034,Worcestershire,2019,3556865608.0,   Worcestershire,2022-03-31,1737.0,32,332941.0,30,0.5217140574456135,1249.0,31,21721.0,29,5.750195663183095,3845.0,7,354662.0,1,1.0841308062324129,48975875.789782494,1.3769391702522402,15476.376749571267,E10000034,92,3031.4,6954.8,E10000034,18.47826086956522,964.0831758034027,0.32,0.0812887640010855,0.1864970297139109,143,Worcestershire,63361.75,71610.0
S12000005,Clackmannanshire,2019,164089528.8,   Clackmannanshire,2022-03-31,74.0,32,25412.0,30,0.29120100739807964,14.0,31,1018.0,29,1.37524557956778,176.0,7,26430.0,1,0.6659099508134696,1330844.9259768447,0.8110480514566781,420.54699660868295,S12000005,13,224.0,491.0,S12000005,7.6923076923076925,8579.881656804733,0.32,0.03128808017250661,0.06858235430669976,144,Clackmannanshire,0.0,0.0
S12000006,Dumfries & Galloway,2019,938279693.3,   Dumfries and Galloway,2022-03-31,256.0,32,73008.0,30,0.35064650449265833,51.0,31,3673.0,29,1.3885107541519195,403.0,7,76681.0,1,0.525553918180514,6559673.984183787,0.6991171215816173,2072.856979002077,S12000006,86,1772.0,4024.0,S12000006,54.651162790697676,3572.2011898323417,0.32,0.018817296939841112,0.0427318300710613,145,Dumfries and Galloway,41462.0,469839.0
S12000008,East Ayrshire,2019,524604248.4,   East Ayrshire,2022-03-31,160.0,32,55172.0,30,0.2900021750163126,18.0,31,2906.0,29,0.6194081211286993,376.0,7,58078.0,1,0.647405213678157,4128871.5510802716,0.7870450084369297,1304.7234101413658,S12000008,22,547.0,1108.0,S12000008,27.272727272727273,2975.206611570248,0.32,0.043015459510455,0.08713186314000756,146,East Ayrshire,0.0,0.0
S12000010,East Lothian,2019,497973729.0,   East Lothian,2022-03-31,323.0,32,51603.0,30,0.6259326008177819,24.0,31,2054.0,29,1.1684518013631937,619.0,7,53657.0,1,1.1536239446856886,7247008.699037031,1.4552994017555956,2290.054748895702,S12000010,54,621.0,1127.0,S12000010,51.851851851851855,4218.106995884774,0.32,0.0742280106443567,0.13471009339161033,147,East Lothian,135889.0,636430.0
S12000011,East Renfrewshire,2019,383381393.9,   East Renfrewshire,2022-03-31,328.0,32,46659.0,30,0.7029726312179858,53.0,31,1814.0,29,2.9217199558985665,596.0,7,48473.0,1,1.2295504713964476,6047908.123563901,1.5775173808099352,1911.1389670461926,S12000011,11,262.7,553.4,S12000011,0.0,2892.561983471074,0.32,0.12615340730007396,0.26575293338355893,148,East Renfrewshire,0.0,0.0
S12000013,Comhairle nan Eilean Siar,2019,104137705.4,   Na h-Eileanan Siar,2022-03-31,36.0,32,12786.0,30,0.28155795401220085,0.0,31,538.0,29,0.0,58.0,7,13324.0,1,0.43530471329930953,591187.0336577605,0.5676973881717202,186.81510263585233,S12000013,19,494.0,1196.0,S12000013,0.0,4570.637119113573,0.32,0.005705933099245654,0.01381436434554211,149,Na h-Eileanan Siar,0.0,0.0
S12000014,Falkirk,2019,781875898.7,   Falkirk,2022-03-31,275.0,32,77178.0,30,0.3563191583093628,54.0,31,3635.0,29,1.485557083906465,622.0,7,80813.0,1,0.7696781458428719,7400019.565177571,0.94644426020566,2338.4061825961126,S12000014,14,304.0,650.0,S12000014,42.857142857142854,2244.8979591836737,0.32,0.13141727756072288,0.2809908895212825,150,Falkirk,0.0,0.0
S12000017,Highland,2019,1354086067.0,   Highland,2022-03-31,461.0,32,113791.0,30,0.40512870086386443,92.0,31,5160.0,29,1.7829457364341086,872.0,7,118951.0,1,0.7330749636404906,12654991.885929752,0.9345781035888726,3998.9774359538014,S12000017,42,1476.0,3779.0,S12000017,14.285714285714286,5079.365079365079,0.32,0.03865609090326185,0.09897111620828357,151,Highland,0.0,0.0
S12000018,Inverclyde,2019,267371943.9,   Inverclyde,2022-03-31,108.0,32,33432.0,30,0.3230437903804738,16.0,31,1527.0,29,1.0478061558611658,176.0,7,34959.0,1,0.5034468949340656,1769171.831658457,0.6616894075917503,559.0582988040725,S12000018,9,209.0,504.0,S12000018,0.0,3580.246913580247,0.32,0.04052027968428445,0.09771397588937494,152,Inverclyde,0.0,0.0
S12000019,Midlothian,2019,350238785.3,   Midlothian,2022-03-31,219.0,32,43375.0,30,0.5048991354466859,22.0,31,1956.0,29,1.1247443762781186,452.0,7,45331.0,1,0.9971101453751297,4346867.331354548,1.2411153515254463,1373.6100767080372,S12000019,30,567.0,1237.0,S12000019,0.0,3488.8888888888887,0.32,0.04056389413799145,0.08849653800475384,153,Midlothian,0.0,0.0
S12000020,Moray,2019,374477089.0,   Moray,2022-03-31,173.0,32,46110.0,30,0.37518976360876166,41.0,31,1885.0,29,2.1750663129973478,289.0,7,47995.0,1,0.602146056880925,2964294.940157933,0.7915824565058861,936.7172010899069,S12000020,9,237.0,560.0,S12000020,0.0,4814.814814814815,0.32,0.06110353562230312,0.14437966222991455,154,Moray,0.0,0.0
S12000021,North Ayrshire,2019,401092608.3,   North Ayrshire,2022-03-31,177.0,32,59657.0,30,0.2966961127780478,28.0,31,3042.0,29,0.9204470742932281,355.0,7,62699.0,1,0.5661972280259654,2852664.7445608224,0.7112234644890668,901.4420592812198,S12000021,19,554.0,1194.0,S12000021,5.2631578947368425,4349.030470914128,0.32,0.027579053847050162,0.05943933265952689,155,North Ayrshire,0.0,0.0
S12000023,Orkney Islands,2019,66552709.95,   Orkney Islands,2022-03-31,69.0,32,10663.0,30,0.6470974397449123,0.0,31,489.0,29,0.0,250.0,7,11152.0,1,2.2417503586800573,1693716.3388548691,2.544924677187948,535.2143630781387,S12000023,18,240.0,481.0,S12000023,11.11111111111111,6234.567901234568,0.32,0.04064700542652872,0.08146337337566799,156,Orkney Islands,0.0,0.0
S12000026,Scottish Borders,2019,589754490.3,   Scottish Borders,2022-03-31,300.0,32,57901.0,30,0.5181257663943628,49.0,31,2682.0,29,1.8269947800149142,551.0,7,60583.0,1,0.9094960632520674,6866337.5820462005,1.1642705049271247,2169.762675926599,S12000026,33,723.0,1482.0,S12000026,9.090909090909092,5482.093663911845,0.32,0.053482278691059204,0.10962757540822925,157,Scottish Borders,0.0,0.0
S12000027,Shetland Islands,2019,101577012.2,   Shetland Islands,2022-03-31,43.0,32,10821.0,30,0.3973754736161168,0.0,31,778.0,29,0.0,101.0,7,11599.0,1,0.8707647210966462,1069015.0770975084,1.0524183119234416,337.8087643628126,S12000027,19,279.0,644.0,S12000027,15.789473684210526,4349.030470914127,0.32,0.019161562401815855,0.04422955622497997,158,Shetland Islands,0.0,0.0
S12000028,South Ayrshire,2019,495331075.4,   South Ayrshire,2022-03-31,199.0,32,53654.0,30,0.37089499384948,58.0,31,2523.0,29,2.2988505747126435,400.0,7,56177.0,1,0.7120351745376221,4463419.970419104,0.9010983142567244,1410.4407106524368,S12000028,19,529.0,1040.7,S12000028,15.789473684210526,2853.185595567867,0.32,0.049507973800649176,0.09739687775866841,159,South Ayrshire,0.0,0.0
S12000029,South Lanarkshire,2019,1247833305.0,   South Lanarkshire,2022-03-31,639.0,32,147893.0,30,0.4320691310609697,140.0,31,7885.0,29,1.7755231452124285,1203.0,7,155778.0,1,0.7722528213226515,12312759.51320822,0.9867311173593191,3890.8320061737973,S12000029,87,1243.0,2297.0,S12000029,1.1494252873563218,6340.335579336769,0.32,0.06187673031806501,0.11434501169798499,160,South Lanarkshire,0.0,118070.0
S12000030,Stirling,2019,646204971.3,   Stirling,2022-03-31,265.0,32,43420.0,30,0.6103178258866881,2484.0,31,15478.0,29,16.04858508851273,2006.0,7,58898.0,1,3.4058881456076606,27521696.157042425,4.258973140004754,8696.855985625407,S12000030,21,695.0,1670.0,S12000030,14.285714285714286,2471.655328798186,0.32,0.19023555050174515,0.457112761637287,161,Stirling,38772.0,129710.0
S12000033,Aberdeen City,2019,772960770.2,   Aberdeen City,2022-03-31,470.0,32,90030.0,30,0.5220482061535043,93.0,31,3578.0,29,2.5992174399105643,801.0,7,93608.0,1,0.8556960943509101,8631070.475296449,1.1166246474660284,2727.418270193678,S12000033,49,897.0,2009.0,S12000033,4.081632653061225,2927.9466888796337,0.32,0.04959269170365643,0.11107214897730855,162,Aberdeen City,0.0,0.0
S12000034,Aberdeenshire,2019,1537817161.0,   Aberdeenshire,2022-03-31,760.0,32,139197.0,30,0.5459887784937894,86.0,31,5050.0,29,1.7029702970297032,1326.0,7,144247.0,1,0.9192565529959028,18244168.0424501,1.1863678274071556,5765.157101414232,S12000034,28,821.0,1947.0,S12000034,42.857142857142854,2984.6938775510203,0.32,0.10816607404744884,0.2565156469797599,163,Aberdeenshire,0.0,0.0
S12000035,Argyll & Bute,2019,454046561.5,   Argyll and Bute,2022-03-31,204.0,32,41009.0,30,0.4974517788778073,21.0,31,1707.0,29,1.2302284710017575,289.0,7,42716.0,1,0.6765614757936136,4167904.233302861,0.917946436932297,1317.0577377237041,S12000035,23,724.0,1922.0,S12000035,26.08695652173913,3459.3572778827975,0.32,0.025032101031055055,0.06645262179791137,164,Argyll and Bute,0.0,0.0
S12000036,City of Edinburgh,2019,1490728271.0,   City of Edinburgh,2022-03-31,1154.0,32,172070.0,30,0.6706572906375312,305.0,31,7662.0,29,3.980683894544505,2272.0,7,179732.0,1,1.2641043331181983,23913842.04387594,1.60417176685287,7556.774085864798,S12000036,59,1010.0,2192.0,S12000036,6.779661016949152,3662.74059178397,0.32,0.12593364140027327,0.2733134078706921,165,City of Edinburgh,0.0,125400.0
S12000038,Renfrewshire,2019,805245005.7,   Renfrewshire,2022-03-31,319.0,32,79414.0,30,0.4016923968066084,4393.0,31,43751.0,29,10.040913350551987,5615.0,7,123165.0,1,4.558925019283076,42040634.51753731,5.2208500791621,13284.84050754179,S12000038,38,917.0,1963.0,S12000038,28.94736842105263,2479.224376731302,0.32,0.24721904098036115,0.5292158968859858,166,Renfrewshire,43144.4,0.0
S12000039,West Dunbartonshire,2019,331260914.4,   West Dunbartonshire,2022-03-31,100.0,32,36654.0,30,0.27282152016151034,109.0,31,2366.0,29,4.6069315300084535,205.0,7,39020.0,1,0.5253716043054844,2295140.65115428,0.6928498206048183,725.2644457647526,S12000039,14,433.0,997.0,S12000039,14.285714285714286,3061.2244897959185,0.32,0.026573398579840073,0.061186324212703355,167,West Dunbartonshire,0.0,0.0
S12000040,West Lothian,2019,922871215.3,   West Lothian,2022-03-31,403.0,32,84913.0,30,0.4746034176156772,66.0,31,4072.0,29,1.6208251473477406,772.0,7,88985.0,1,0.8675619486430298,10157131.900077103,1.1006012249255492,3209.653680424364,S12000040,17,454.0,969.0,S12000040,0.0,3840.83044982699,0.32,0.1209985789775031,0.2582546762757721,168,West Lothian,0.0,0.0
S12000041,Angus,2019,540783814.7,   Angus,2022-03-31,242.0,32,57375.0,30,0.42178649237472765,47.0,31,2335.0,29,2.012847965738758,542.0,7,59710.0,1,0.9077206498074024,6046616.952071027,1.1181209177692177,1910.7309568544445,S12000041,22,433.0,831.0,S12000041,4.545454545454546,2520.6611570247933,0.32,0.08399325044280453,0.16119720812464336,169,Angus,0.0,0.0
S12000042,Dundee City,2019,411696024.7,   Dundee City,2022-03-31,152.0,32,53885.0,30,0.2820822121184003,47.0,31,3120.0,29,1.5064102564102564,686.0,7,57005.0,1,1.2034032102447154,5543181.297043961,1.3464257521270062,1751.6452898658915,S12000042,55,1289.0,2835.0,S12000042,29.09090909090909,3143.8016528925623,0.32,0.02257038537995721,0.04964083983877323,170,Dundee City,200000.0,180910.0
S12000045,East Dunbartonshire,2019,279604906.8,   East Dunbartonshire,2022-03-31,317.0,32,53542.0,30,0.5920585708415823,25.0,31,1773.0,29,1.410039481105471,579.0,7,55315.0,1,1.0467323510801771,3730828.7012735065,1.3343216125824822,1178.9418696024281,S12000045,8,260.0,510.0,S12000045,12.5,2812.5,0.32,0.08444386208988651,0.16563988333016202,171,East Dunbartonshire,0.0,0.0
S12000047,Fife,2019,1506968371.0,   Fife,2022-03-31,688.0,32,174978.0,30,0.39319228703036957,108.0,31,7322.0,29,1.4750068287353182,1408.0,7,182300.0,1,0.7723532638507954,14559810.922708282,0.9661656609983543,4600.9002515758175,S12000047,65,1151.0,2348.0,S12000047,4.615384615384615,5805.917159763314,0.32,0.07157981924304867,0.14602034368608016,172,Fife,0.0,0.0
S12000048,Perth & Kinross,2019,1184611251.0,   Perth and Kinross,2022-03-31,459.0,32,75443.0,30,0.6084063465132616,73.0,31,3335.0,29,2.188905547226387,860.0,7,78778.0,1,1.0916753408311966,16478814.967641471,1.391073650003808,5207.305529774705,S12000048,48,1367.0,3142.0,S12000048,6.25,3229.1666666666665,0.32,0.060541440664262425,0.13915230912005305,173,Perth and Kinross,0.0,61320.0
S12000049,Glasgow City,2019,1734023175.0,   Glasgow City,2022-03-31,649.0,32,189605.0,30,0.34229055140950926,272.0,31,17544.0,29,1.550387596899225,2153.0,7,207149.0,1,1.0393484882862094,21026105.610921364,1.2125619723001317,6644.249373051151,S12000049,108,1915.0,3971.0,S12000049,4.62962962962963,2169.0672153635114,0.32,0.061121205203949196,0.12674271846730142,174,Glasgow City,0.0,223360.0
S12000050,North Lanarkshire,2019,1572173479.0,   North Lanarkshire,2022-03-31,468.0,32,143867.0,30,0.3253004511110957,96.0,31,8742.0,29,1.0981468771448182,941.0,7,152609.0,1,0.6166084569062114,12204950.979567917,0.7763107025142686,3856.764509543462,S12000050,38,810.0,1569.0,S12000050,0.0,2354.5706371191136,0.32,0.08979373790812196,0.17393379602202882,175,North Lanarkshire,0.0,0.0
W06000001,Isle of Anglesey,2019,334295694.3,   Isle of Anglesey,2022-03-31,133.0,32,37371.0,30,0.35589093147092665,41.0,31,1620.0,29,2.5308641975308643,197.0,7,38991.0,1,0.5052448000820702,2300485.2579973843,0.6881588058782797,726.9533415271734,W06000001,20,507.0,878.0,W06000001,0.0,2250.0,0.32,0.03024529977958097,0.05237746194570432,176,Isle of Anglesey,0.0,0.0
W06000002,Gwynedd,2019,695533526.8,   Gwynedd,2022-03-31,169.0,32,57392.0,30,0.2944661276833008,28.0,31,2554.0,29,1.096319498825372,283.0,7,59946.0,1,0.4720915490608214,4293103.130338438,0.6172388482968004,1356.6205891869463,W06000002,14,326.7,773.7,W06000002,0.0,1122.4489795918369,0.32,0.0640518502003099,0.15168936792157875,177,Gwynedd,0.0,0.0
W06000003,Conwy,2019,656907413.0,   Conwy,2022-03-31,174.0,32,58472.0,30,0.29757832808865786,50.0,31,3196.0,29,1.5644555694618274,380.0,7,61668.0,1,0.6162028929104235,5035991.901308296,0.7666212622429786,1591.3734408134217,W06000003,11,223.0,429.0,W06000003,0.0,2561.9834710743803,0.32,0.1355066739737456,0.26068324275666754,178,Conwy,0.0,0.0
W06000004,Denbighshire,2019,476675630.8,   Denbighshire,2022-03-31,156.0,32,48451.0,30,0.32197477864233964,26.0,31,2479.0,29,1.0488100040338848,276.0,7,50930.0,1,0.541920282741017,3335138.312964305,0.6996662085215002,1053.9037068967202,W06000004,11,451.0,1118.0,W06000004,0.0,2396.694214876033,0.32,0.03443538957847821,0.08536311651605019,179,Denbighshire,0.0,57400.0
W06000005,Flintshire,2019,917499079.8,   Flintshire,2022-03-31,259.0,32,84354.0,30,0.30703938165350786,50.0,31,3394.0,29,1.473187978786093,450.0,7,87748.0,1,0.5128322013037334,6110630.865956124,0.6660094816975886,1930.959353642135,W06000005,10,242.0,571.0,W06000005,0.0,1000.0,0.32,0.12353297370740333,0.29147656192945165,180,Flintshire,0.0,107590.0
W06000006,Wrexham,2019,556959717.7,   Wrexham,2022-03-31,168.0,32,66713.0,30,0.25182498163776174,71.0,31,2883.0,29,2.462712452306625,328.0,7,69596.0,1,0.4712914535318122,3368919.6557297693,0.6048767170527042,1064.578611210607,W06000006,14,242.0,506.0,W06000006,0.0,2959.183673469388,0.32,0.07685517073370564,0.16069717517047544,181,Wrexham,0.0,0.0
W06000008,Ceredigion,2019,387671653.3,   Ceredigion,2022-03-31,123.0,32,36277.0,30,0.33905780522093887,19.0,31,1595.0,29,1.1912225705329154,226.0,7,37872.0,1,0.5967469370511196,2959538.1390498523,0.7634136037177863,935.2140519397534,W06000008,16,359.0,755.0,W06000008,0.0,781.25,0.32,0.04524909985495799,0.09516175596237682,182,Ceredigion,0.0,0.0
W06000009,Pembrokeshire,2019,579406295.4,   Pembrokeshire,2022-03-31,212.0,32,65681.0,30,0.32277218678156544,28.0,31,3363.0,29,0.8325899494498958,416.0,7,69044.0,1,0.6025143386825792,4397996.224048897,0.7590521985979956,1389.7668067994514,W06000009,53,1186.0,2372.0,W06000009,56.60377358490566,3435.386258454966,0.32,0.021402924635195258,0.042805849270390516,183,Pembrokeshire,0.0,0.0
W06000010,Carmarthenshire,2019,1018899024.0,   Carmarthenshire,2022-03-31,300.0,32,98206.0,30,0.3054803168849154,62.0,31,5777.0,29,1.0732213951878138,572.0,7,103983.0,1,0.5500899185443774,7136398.826531259,0.7004029504822903,2255.102029183878,W06000010,36,844.0,1747.0,W06000010,75.0,5740.74074074074,0.32,0.04715406772594121,0.09760445061281907,184,Carmarthenshire,105000.0,0.0
W06000011,Swansea,2019,983067119.3,   Swansea,2022-03-31,351.0,32,115063.0,30,0.30505027680488084,579.0,31,11360.0,29,5.096830985915493,1158.0,7,126423.0,1,0.91597256828267,11017368.81191723,1.1207137941672007,3481.4885445658447,W06000011,35,831.0,1655.0,W06000011,45.714285714285715,2342.857142857143,0.32,0.07684450980569951,0.1530417132712788,185,Swansea,73663.08,0.0
W06000012,Neath Port Talbot,2019,730255157.3,   Neath Port Talbot,2022-03-31,131.0,32,66181.0,30,0.1979420075248183,45.0,31,4062.0000000000005,29,1.1078286558345642,297.0,7,70243.0,1,0.42281793203593243,3825151.0125843426,0.5238102017282861,1208.7477199766522,W06000012,8,200.0,489.0,W06000012,0.0,1562.5,0.32,0.09029686677510919,0.22077583926514197,186,Neath Port Talbot,0.0,0.0
W06000013,Bridgend,2019,753009215.0,   Bridgend,2022-03-31,236.0,32,69959.0,30,0.3373404422590375,340.0,31,6493.0,29,5.236408439858309,738.0,7,76452.0,1,0.9653115680426934,8910195.367781091,1.1832783969026317,2815.621736218825,W06000013,8,142.0,277.0,W06000013,0.0,1562.5,0.32,0.37131322041030945,0.7243222679834909,187,Bridgend,0.0,0.0
W06000014,The Vale of Glamorgan,2019,602343915.8,   Vale of Glamorgan,2022-03-31,365.0,32,67475.0,30,0.5409410892923304,49.0,31,2875.0,29,1.7043478260869567,538.0,7,70350.0,1,0.7647476901208244,6200674.681199147,1.0294243070362474,1959.4131992589305,W06000014,13,280.0,515.0,W06000014,0.0,1597.6331360946745,0.32,0.13898395703392688,0.2556312066874012,188,Vale of Glamorgan,0.0,0.0
W06000015,Cardiff,2019,1734110249.0,   Cardiff,2022-03-31,590.0,32,140023.0,30,0.4213593481070967,132.0,31,7845.0,29,1.6826003824091778,935.0,7,147868.0,1,0.6323207184786431,14587738.650222497,0.8412232531717478,4609.725413470309,W06000015,53,1394.4,2827.1,W06000015,9.433962264150944,1185.4752580989675,0.32,0.05956343812594392,0.12076290585617903,189,Cardiff,46822.0,26880.0
W06000016,"Rhondda, Cynon, Taff",2019,1160995788.0,   Rhondda Cynon Taf,2022-03-31,242.0,32,109182.0,30,0.22164825703870603,50.0,31,5975.0,29,0.8368200836820083,442.0,7,115157.0,1,0.38382382312842467,5727298.273201282,0.49330913448596264,1809.8262543316052,W06000016,6,42.0,84.0,W06000016,0.0,1666.6666666666665,0.32,0.787052078422094,1.574104156844188,190,Rhondda Cynon Taf,0.0,0.0
W06000018,Caerphilly,2019,648466568.4,   Caerphilly,2022-03-31,190.0,32,84450.0,30,0.22498519834221434,38.0,31,4370.0,29,0.8695652173913043,333.0,7,88820.0,1,0.37491555955865796,3152531.684700743,0.4861517676199054,996.2000123654348,W06000018,28,638.0,1342.0,W06000018,60.714285714285715,3852.0408163265306,0.32,0.02711689123071092,0.05703897810597814,191,Caerphilly,0.0,0.0
W06000019,Blaenau Gwent,2019,223621292.3,   Blaenau Gwent,2022-03-31,35.0,32,32500.0,30,0.10769230769230768,14.0,31,1556.0,29,0.8997429305912596,68.0,7,34056.0,1,0.19967112990368802,572908.0853058198,0.25619567770730556,181.03895495663903,W06000019,17,342.0,668.0,W06000019,58.8235294117647,3840.8304498269895,0.32,0.009900142452445193,0.019337120345711667,192,Blaenau Gwent,487500.0,0.0
W06000020,Torfaen,2019,367916437.1,   Torfaen,2022-03-31,100.0,32,45186.0,30,0.22130748461912983,20.0,31,2714.0,29,0.7369196757553427,201.0,7,47900.0,1,0.4196242171189979,1943274.709526096,0.5281837160751566,614.0748082102464,W06000020,21,340.0,702.0,W06000020,0.0,2517.006802721088,0.32,0.03195435393775105,0.06597634254206246,193,Torfaen,0.0,0.0
W06000021,Monmouthshire,2019,751269054.3,   Monmouthshire,2022-03-31,297.0,32,53950.0,30,0.5505097312326228,29.0,31,1835.0,29,1.5803814713896458,475.0,7,55785.0,1,0.8514833736667563,8415398.523814358,1.1201577484987002,2659.265933525337,W06000021,19,472.0,966.0,W06000021,68.42105263157895,4182.825484764543,0.32,0.10056121589855402,0.20580960711441348,194,Monmouthshire,0.0,0.0
W06000022,Newport,2019,1018061051.0,   Newport,2022-03-31,236.0,32,72164.0,30,0.3270328695748573,66.0,31,3564.0,29,1.8518518518518516,442.0,7,75728.0,1,0.5836678639340799,7629811.547704151,0.7494453834777096,2411.020449074512,W06000022,40,1267.1,2534.8,W06000022,60.0,3987.5,0.32,0.03474586016998827,0.06950817327668399,195,Newport,0.0,0.0
W06000023,Powys,2019,800705827.4,   Powys,2022-03-31,266.0,32,72551.0,30,0.36663864040468086,66.0,31,3621.0,29,1.8227009113504555,445.0,7,76172.0,1,0.5842041695111064,6151933.498235257,0.7683138161004045,1944.0109854423413,W06000023,30,654.0,1264.0,W06000023,56.666666666666664,3066.6666666666665,0.32,0.05618204107977404,0.10858425064959386,196,Powys,100925.37,0.0
W06000024,Merthyr Tydfil,2019,219520710.3,   Merthyr Tydfil,2022-03-31,38.0,32,25805.0,30,0.1472582832784344,15.0,31,1581.0,29,0.9487666034155597,92.0,7,27386.0,1,0.3359380705469948,904743.3933966625,0.41214489155042716,285.89891231334536,W06000024,6,158.0,322.0,W06000024,0.0,2777.777777777778,0.32,0.032434148706809086,0.06609997394678814,197,Merthyr Tydfil,0.0,0.0
E47000006,Tees Valley Combined Authority,2019,2924414703.1000004,Tees Valley Combined Authority,2022-03-31,781.0,32,295011.0,30,0.2647358912040568,27.0,31,20197.0,29,1.6685646383126207,1489.0,7,315208.0,1,0.4723864876525976,17473472.363840178,0.5975032318541408,5521.617266973496,E47000006,250,3533.4,5656.2,E47000006,0.0,5633.919999999999,0.32,0.03566049889714747,0.05708465326938516,198,Tees Valley Combined Authority,0.0,720000.0
